563d21850e7769141f642dd778c0978c  -.png,6
56654c8f5d331ae6e7b936c671e5f762  -.png,5
56cb506099f1db23a3bf96b1038cd5a6  -.png,7
5743c1cafe8dbff06cff5c1af1ede61d  -.jpg,6
57c298cfdd3fe86a7039934cfc2dd21b  -.jpg,5
580b0a17926c8afad707fb54b77ff5e0  -.png,4
5851393286c61eb41b42041ed7b79d7f  -.png,2
58a7f4f2e213537eceeb7982d99db18c  -.png,1
590475f009519e00af3d915e4b62dd52  -.jpg,1
595c7ae7aa6269ac32ffd0750fcc97f5  -.jpg,0
5983259d1dea03047128943aac7472e0  -.jpg,3
59e45a9a9e4fb30f2c838baff3ff2530  -.png,0
5a4eb9b4ef7eaf6aec09740637a28a8f  -.jpg,1
5ae12fc1e3e82bf42dd3aa184f9b9ae9  -.jpg,7
5b646e181e685d0e1df0cb6787c16335  -.jpg,7
5bbe2d07e42a6d2f9bc80b0c28da92a6  -.png,2
5bf8e019d4ff151d96c02eb5f1cc55d0  -.jpg,6
5c3d149300bae9c5bd545744b77a788b  -.png,4
5c7d1539087ae753f157bec08dce4bae  -.JPG,6
5d1ecfc0caf365a1ef4f9f3f6489df91  -.jpg,0
5da418c16a194d9207828c9d45c05b63  -.jpg,0
5e55b876e51ad80383418a82ca093eb3  -.jpg,1
5ec2ab446b6401799d508429095d78e4  -.jpg,1
5f0c2b2d168bfaacdfaa785f2423c384  -.jpg,1
5f97b743e6d7574ec161b36a496296a7  -.jpg,7
6040b22d554d36a91812d0c43ab73d0d  -.jpg,3
60b40a8b2877288bca56945effd452b3  -.png,0
61210bf2e1dccc16016e7bec38138f0c  -.jpg,5
61a2d2acf47e04b63723080623aa233f  -.jpg,7
61c2642d345416c6b23d791a4dbeea88  -.jpg,5
62a727b2729a79ad772a6a6353bdfcdd  -.png,2
62e796e0b425f72551ff512878e4a92e  -.png,7
63dec8035682485aa7b561cf4c899991  -.jpg,7
64b9b36b61f454dbb7168df52809dd5d  -.png,5
65686b1f8855ea88fedd0ec52de48168  -.jpg,9
660b094e68a295ba585951bf814d7e00  -.jpg,9
66245025f748d1869d8de63edc192286  -.jpg,8
6655f8c087918b81fdc9b0ceb4659a0b  -.jpg,1
66860fb93eae5b1bec81d442988fbdd0  -.png,4
66c533653c8945134dce3b3f1dcbe16b  -.png,8
67376d6ed9b94987e6a439f0e1fb232d  -.jpg,3
67774b643d006d0b743e882569c0a753  -.jpg,9
67ff3ebd8750a8789e3b181e2e32ff40  -.jpg,7
68797f436f89290ae583c75058dca065  -.png,6
68fce201a040a9e480a063d1c1d1afd0  -.png,5
698d5a6f12225407c328de7de1b42a1a  -.jpg,8
6a2cc4b980aa3880f97f014fdb4e8d1b  -.png,2
6a973cbaeed1a5e6890de5fef9cd3af8  -.jpg,5
6b0de51230cbe8bf7b6843e907ab3ac0  -.png,2
6bfa7b2debbfddceb0df5cdee91faa6c  -.png,2
6c8dc8d4cfbfabac73087c35bb71ec1f  -.jpeg,6
6d46bb5670d5798a492a28e985133e47  -.JPG,3
6dcb8398c5fd1d40a0e0ea79e42b16cb  -.png,5
6e86b9d479b2f0e26e62ceb3ff4faf97  -.png,6
6eed2d77fc549e5bf01f741b502788a3  -.jpg,4
6f529bd97f43d2eabe10c69a108a7006  -.jpg,1
7007cfcc4092c6700be91391d35c1054  -.jpg,0
70615aafb1fd20aaedb44919ba971770  -.jpg,8
71358c561b309fa134b681eebc4dfce1  -.png,7
71b9b07cc7e4d1cf3d2bcb3753f4e7ab  -.png,0
71e48cea8551f4406a41be472209ab3d  -.jpg,2
7229e69d24187137450bb38d10cf6d59  -.jpg,2
72b4cc06dc64cf94085be974409c7757  -.jpg,6
73276d6dd05a8beb7aa3240ed5492bc9  -.png,3
73a0194d468767f2b078e9b9d720dcb9  -.jpg,1
7416dfb5edb225f1f0dbc22d129d6225  -.png,3
74ebc85d1d2d920198bc39350e71f37c  -.jpg,6
7588128d36a3a45f653730e30047c0a6  -.jpg,7
75da5a4afb6aac5119a7aec0a247489c  -.jpg,4
766e685da72c2a13f06e514849ec119e  -.PNG,4
76bf15e70aaa1e10c2a0b926051b81e9  -.png,5
771a262790ea6f22ba85126c47476313  -.jpg,0
77d2b1e7af18188b447357e3b725cd83  -.jpg,0
7857775ef0479f9536e53098211f4877  -.png,9
78898a175016433dd12189d117105b37  -.png,6
79049f962f7e4da2201868f33764015a  -.jpg,3
797d5e1a409a30474b5ccda4fa1f8f5e  -.jpg,7
7a14abac8e1800b192952d5010960c7f  -.png,8
7a89d68fd2827fa85a02d4c9c31084d6  -.jpg,3
7ab698704c4c86495a8d100555c1593a  -.png,4
7b4a657da8c7edcd95792495a35aa8a4  -.jpg,0
7bba54f677b8b9cd0a071a693c2957db  -.jpg,6
7bf931cc7294375f5f34604129b9d077  -.jpg,0
7c4216a59b6d8370d0d74b9d352a84b0  -.png,0
7cb99f32c4f14a17836c930b4a3ca2ce  -.jpg,5
7ce5af24a2de4c34d8e30df8b60045e3  -.jpg,8
7d915c82618308414f51ecb38d0bb219  -.jpg,1
7dde20752e86b184d2d608d48ec93f43  -.jpg,5
7e701b196e479b39fb64357028932221  -.jpg,9
7ea5a60471eafd436c08c3ec3cc157eb  -.jpg,8
7ef2bd32965d665b1a63676356c04db3  -.jpg,2
7f12903d813096fdd73264eaa5dea2fd  -.jpg,7
7f7cbc6b6baeda3cec2ee4aa8694461a  -.jpg,8
7fdc292a06da5a613c6431c2444f2d7c  -.jpeg,2
806d367d7ed281ef79c769f5625c0ae2  -.png,4
8117a7c086cfc91882d2d4d5d24dfc0a  -.jpg,8
813871fe8079da11acf9bdd52089d8b8  -.png,7
81a1d1092dd21e5bebe5dacb1598ebab  -.jpg,0
826cf6425e8ee8cce872c3e6cde41ee9  -.jpg,2
82aaf3477a0dcca5e2a3492b5ffd6c22  -.jpg,8
8353f4c7d30769af3b1cc624b61aa5b5  -.png,4
8379a46936a62b7f96d0fb4b17cfbf93  -.jpg,1
83c855693ae509f47a4987b5e4131747  -.jpg,3
83f95f953b0c47260a7bf0f3c297c92a  -.jpg,0
84e981cc50d73d635de815ef07c3ec8d  -.jpg,6
8546f09141b5f5fe0f5ba72767e6f4ec  -.jpg,2
857f4fe16971c2f1b7923eefe0164876  -.jpg,4
862714eb8f8e93be4f9d2b4de1b5fad4  -.png,4
8644d9069ebc8d478ba2a2f286bb16b1  -.jpg,0
87144cb672543386ca2ea34215f71817  -.jpg,5
87cedbba702d5986d8251a9c01fe15b8  -.jpg,7
881b8324ce161fe838bd428c67572417  -.PNG,0
88aa6a60c49d4cb378256d4ac9aeec34  -.jpg,3
89922beac7584bd4c6336d3c4487fdb3  -.png,4
8a3f3b0a262c57bc1a449c9d0bfa93bb  -.jpg,7
8b0499e4c7af0e7f28af568945cfa087  -.png,8
8b6e5ea53844ea3a841e619ba554ad13  -.jpg,2
8bbdc8946ccdd96b9f05f23e2e4e39f9  -.jpg,5
8c0a86ddea588d4a323a1acd5868fc5c  -.jpg,3
8c6937da0345458a557921d50e59a581  -.png,8
8d2d4ace86cf7565933dd5df4458c240  -.jpg,7
8d9739566a59f46930704dbc593b2a0c  -.jpg,3
8dd41a3fa7cd03011628e455f069c6c5  -.jpg,9
8e5de40cfbed54020f4d502919f643fd  -.jpg,8
8e92279bbf9001256762171788d3a92f  -.png,3
8f233a24ce3603d612764060c1521994  -.jpg,6
8fa14df422b601cf1b9f0a22a35765ad  -.jpg,5
8ff6d885936dc24d481ed035aff0e0e3  -.png,1
9043d65cf09b7d0d3978cbcf79b4201c  -.jpg,2
90be679c798d41be2e27a115073f1831  -.png,1
913b93dfdd6756d5bf42f27abb71afa9  -.jpg,1
918bc57dcfe21e26145d8d857d06133d  -.jpg,1
927a7faf59ade3e7daf50391a6aff3fc  -.png,0
92dbc995d502654a7e3ce579437ce021  -.png,4
93906433b270d1283b254dd8a6c22d7b  -.jpg,5
9461ab3441394bf8119a41d175dc53ca  -.png,0
947827d6cb89ed9bfe3adeb625dfde58  -.png,8
950fc3ab9d01520dfacd9ab90ee79b3d  -.jpg,2
95ccee0c135d3d899c59fd86ac873335  -.jpg,5
96339c20caea7cb1297c2204800a6b3b  -.png,4
9709519a4975af127b9c9e565cd8ce59  -.png,9
974d532695d584900593404e6084c5f9  -.jpg,9
97e67f83b0f7feb3aac8769ecc6c57ed  -.png,1
984d2ee2f069c68d0a21bc386e9d4bb0  -.jpg,0
98904a602a0dd286ec600b667a24682a  -.jpg,4
990cc47433de4aaaf2d876e754bf9bf9  -.png,7
993ff4a5048aa5edf2b2089eed30228d  -.png,0
99e04cc08e00e44e899922fdb309ffcf  -.png,4
9a520066e05883fe6a06ee474ad44728  -.jpg,7
9acbe72b6408b6444d6f80bd4b3e4542  -.jpg,7
9b38885ee5b19c6434ba631f2ea4004c  -.jpg,1
9c105a71456b9167bb0c3c1bf26ce55a  -.jpg,8
9d1dc1c47de2ce699849b9d39ba90aa7  -.jpg,4
9d5d2327178b108bffa4d8c9442b4ab7  -.jpeg,2
9ddb26e8bc5ee747100df6680c0279ce  -.png,1
9e6bf97d49ef14b1fcac1672aefbce43  -.jpg,4
9e8386f2300398f092f25654423445df  -.jpg,3
9eb74183f55698e27820c6e49c99b44a  -.png,1
9f2f7c68789fa7fde6752ccef2c25354  -.jpg,1
9f9c99a02c0d859b26559a4b05b2ce84  -.jpg,9
a05cd4a11f1199acfe8d55d723268d64  -.jpg,6
a13a29531752be0febe041a4aebf8cbc  -.png,7
a15d294b3b5f444b1c85df1e7357a962  -.jpg,6
a182d5cf38fa0b40a5e6895e04842d8a  -.png,7
a1bcd0707e93c4eeff7d5ed8a4c7ba6c  -.jpg,2
a2127c0fa81bb80ce7289734bcd8734f  -.jpg,3
a2a0c9d5838a611d5de0a201de923dfb  -.jpg,9
a37d9f8002650ee5e1895c9c9f0371ca  -.png,9
a42877f07e34047639c5192f42bacc70  -.png,2
a46a920375a003dd0b8db6ebfcdcfa1e  -.png,8
a4e1fa9094332557bdaacf43dd3b12ba  -.png,0
a5ab0f0c5af1f37411d9a56889a04768  -.JPG,9
a604fb156b91d61be5267f28bc48d7c4  -.jpg,2
a64b91de9f2afbfffcaa49ab0c0c0c0e  -.jpg,3
a6d6e24c0d45ee61eb4b9214d8b4d01b  -.jpg,5
a7091567ed82cdb0bfaf33f981b9680c  -.jpg,9
a76d794724aedac37dfef748dd82a3b1  -.jpg,2
a7b48700d0e56d1a2d742c6d7a622e32  -.JPG,0
a7e3617a20e982d8fd4861ec2f0a9632  -.png,0
a83e5702786e63237b427e70c1ce673f  -.jpg,7
a8deeff0bf290f509b6d5536cdef2406  -.jpg,4
a9273026bb2d97c8a609c3f135c72a14  -.jpg,3
a9b7f8118f71d9a5b027ff4442ef6701  -.png,4
a9de12af4b0c1095ef0e1182d41ab071  -.jpg,8
aa5d755ea5c52ea49bf1d22f2d483861  -.jpg,2
aab2f67a3c1b674df619209bc8ebb586  -.jpg,5
ab0fcc1d0a1bf7f479a5af38dd36575c  -.jpg,3
abbde029f6c4be4c05bf727fb83f0f99  -.jpg,9
ac2096fe847201ba549895486ae66553  -.jpg,6
ac5b0e1e8190f5496b6550d2a3909347  -.jpg,4
accddfcda71dde2dd320f8162be363bf  -.jpg,5
ad2a6f636d63f46e5d8cd23af8c1bb28  -.png,2
adff1c86c51802768184b19ebffe50c5  -.png,7
ae6d97683bcaad7e4f4bb187975da6d9  -.png,8
aedc48435eca17f410aa8b7095a6a298  -.png,1
af375b2b2aa5540644a67bb53d30a373  -.jpg,2
afd4d56dc75f3efd99302dd3d7a9aa7a  -.png,5
b0730684101198efd4831036a378a169  -.png,0
b0c70ebb945fe0ea4898e1f052f6e6a2  -.jpg,3
