0046d4f9232ff35acf873edaff070522  -.png,4
0088eefbcb1fb77d445ae0119396d121  -.jpg,4
00fc80d82e187839c67b437376afecb7  -.jpg,2
01431e6d28e82d1a60c6d92f252a0315  -.png,5
01cb88017a13a92e1d6002f14b55f654  -.jpg,9
01f9b9a3de86c718fec223e6453682be  -.jpg,8
0313f006a64b680ffe6a81d2d4418777  -.png,7
0392deb58dad344c65fb74494c8b73d2  -.png,0
04046db29cedefea30ec1fe460fa2c26  -.png,2
04534bbf4621f328cbcec8374a5e8ed6  -.jpg,8
04ae8804be41fb88b94db65510a99326  -.jpg,7
05167c8a1a7f06befd7ca5f9662dc72c  -.png,7
056e16f95b9314fb5c4cc356781df252  -.png,1
063623fbff0f1d2010f6dae77d8f10b0  -.jpg,9
06c2c2c8a8b1a93b14909789a0ada06a  -.jpg,4
07414b36d47ed94cf6683b0035ae76bf  -.jpg,1
07aaaccd5226f052122c314026002d26  -.jpg,3
08473a4a9610f8009f5c7363ef53ee5a  -.png,4
094d34f125ec797b90f920a3e15dcfe4  -.png,4
09a2094af9cddb03a74723d15fd2e347  -.png,1
0a6547ddf66a19e737e901d0d574767c  -.jpg,5
0ab4af17d3e50d2a7f46bbce5a7b0695  -.jpg,7
0b8f0c9235fa7442b0c389b6944443eb  -.jpg,0
0bf5ec44aae1f2b7770b71cafbd69c13  -.png,5
0c6918943cba6977244ebc4878db3567  -.jpeg,7
0cc7d522165b699dd55331d777b914f6  -.jpg,4
0d157427915a2b8974c3a41d5d151437  -.jpg,1
0d6c6401b627f852d66bd2412d0f75cd  -.jpg,7
0d9c107e9e4ac7754d23f734eefade22  -.jpg,6
0e272105f87b71bd8fbb6b4408d5b453  -.png,6 
0e710e5922efca7acf17a71357d68495  -.jpg,0
0ec1de808364eb5c726ac5964d4c2e8f  -.png,7 
0f1d24268f49dcf00b325d5c6d144c2e  -.jpg,9
0f5426bfd089f5b5d3d97f74119c09ad  -.jpg,7 
0f9897ca986cdf4d5418aac91fd5b9f3  -.png,0
10162bebb4a16846fd9450a738dbd5b4  -.png,8
10cfb4c294b25d193ddf72c3b73ee06f  -.png,0
1143d6c5f8ce10069ea3e5a0808c5e16  -.jpg,6
115ba15261cfac94345cd1365c7bb348  -.jpg,3
118d4918eaf193d4095f840d1b5d0f94  -.jpg,6
12a022c34c01ab35b5564ab705c77eaf  -.png,3
12e4ce28ceb729797e3c638f9d33a358  -.png,3
13282be286f08d0ab7f14b6dbc52e40a  -.jpg,3
137128ad74b5ff872663437ad8896002  -.png,9
13bc04ddbc139436c0631701746318f5  -.jpg,2
1420f31dc475eeceb6743e7763cbe177  -.jpg,2
146410e7bee3cab6b0c104906788a16a  -.png,7
14ee6f535ff560954d5eda13c81dd028  -.jpg,8
1541ac019c575acdc06932171d4fe488  -.png,0
1593cf6028e4368b1724cc665d1886c3  -.jpg,6
168b14d7ec1aeee5605136288ae6c64a  -.jpg,4
178cbcfa8f2c56a7fc9d5ea19d3fb649  -.png,3
17d941c683b6864f2f49aded5b6c2cd7  -.jpg,2 
1958c13316c504e851bd65be3c4c8495  -.png,4
19db37b7b7bb4be8f2ca4ff5a7c04e41  -.jpg,5
1aac0980de850e1a58c209b7e2e07140  -.png,2
1b3204fb4c62a26184cee3341a4873e3  -.jpg,7
1bad2f9889aa6987883bb37a41585e52  -.jpg,8
1c23889efde520f9c0ee2acb605d44ef  -.jpg,5
1cdb80bfd0dc140719f671bd1f577f54  -.jpg,3
1d39fbc6bd9409b7ef8128a43ddae19a  -.jpg,8
1d9ee70136f8f46d7507640d7757982c  -.jpg,9
1e04521da84246b176aa7b74d981d73f  -.jpg,3
1e73f4605f237d46187bee8a2a6f71d0  -.png,0
1efeedd7c0366fbca813e6e44ed08aab  -.jpg,0
1f2bdba6b09eee7a8a0366054247c77a  -.jpg,8
1fdb7189a6eb39054381438c438875b3  -.jpg,7
205c06fa1552a6288ca1c284b7ef0e2f  -.jpg,0
20b6c8a600709d2db99a7d8f66f6b6ad  -.jpg,4
20fc8b44b7cf38724212db93ca31f45f  -.jpg,0
2170029be387149b8a8b233128e64670  -.jpg,4
21bc79a9759ea169b3c8ddcc14b1ced4  -.png,6
21e03e667cad64c62b8f43836db55af7  -.png,1
224b95da2d71ce278a7a358cff8c8d63  -.png,6
230eef471f646ddf7d5bda30009e72ab  -.jpg,1
237c8a7c629f7b10079849418ded6e99  -.jpg,1
23f8ba438f5d56066185cb3ca6fdd47e  -.png,6
2424dad2fd0a2d20a8f8d49773cdb515  -.jpg,5
24f344f1b30296a47dab2281c7fe7efc  -.jpg,5
2532b2bc037a09965ce53882e4cf2bc2  -.png,3
257d283633df7297d0bd7725962c418a  -.png,9
25ce05adeb7fe6120f0d617f39a13c37  -.jpg,5
263dad5c537f6627fcc342945fd5237a  -.jpg,1
268df5ae0a130ab39435b9a6c2160c9a  -.jpg,4
270ee2c68a6f0fa1cf01fe0a836b20a9  -.png,5
2791d1dea9f8cb8b44455f03656fe76e  -.png,7
27dc146eb60606786e61bcd0d3705092  -.jpg,7
283b2d2e0262692cdc553120bb43963f  -.png,9
28fea72be189c5011294f80e11a1b7f2  -.png,0
2957c38bfd85e0861291a13f513b0717  -.jpg,4
29da655a8290157f09faeab0c85db28f  -.jpg,7
2a48ee9d83d1cb21ef95477e84fdc5b3  -.jpg,2
2a7c02861383d4148daef07cdf285013  -.jpg,0
2b40dfa174cff8b0307b09a26bbc2c5f  -.png,5
2bc011ed05ef85e2dcae7d12884bb19b  -.png,9
2c5256ec1f58ae30941329f07ff52e11  -.png,3
2cac96ed14e78337892d611eff7723b5  -.jpg,9
2cd139414fff82ada7c4b0f71768d995  -.png,1
2d2f891249bfdf2f909f1d28e6cad6a4  -.jpg,1
2da87f68adb1369e11bbf15c9ffff7c6  -.jpg,8
2de20a7d2a2b8bb62b6c41e1a6205d86  -.png,8
2e542c0cb0e72973f6f930af4c6237c2  -.png,2
2f29346465b9dbf73d5e632a2f99d3e1  -.jpg,6
2fa05085607d05d20f177d565e7fe80e  -.jpg,8
2fe2dc0eaaa725101ffbd3f0fe3cffa1  -.png,3
30313ade158e96142cc34b7ee1a23ab8  -.png,3
30ea46d68cd098eab24f113a6c925e50  -.jpeg,6
31be264803ab0bdf83b53585564e3aef  -.png,8
320d17bd0b924f2a7f88cfac7acaab4b  -.jpg,8
326ba68f4a35d8dd8ed0c6292f1d4242  -.png,0
32e1c2792816f14ff62bc8c1a33ca126  -.jpg,3
338203b22df342a7ab4ceab29af782a6  -.jpg,7
34063d00ca67d8c117c896df4dbecaec  -.jpg,1
349cebd354b84d517a499ac414d199c9  -.jpg,2
34e6943fbdf9bdc3f57b167aa28b44a5  -.jpg,9
3515b8e4f57c70af11d451d75e3300a3  -.png,6
35747b842c26e2ef0c6db39d4d9e6ce0  -.jpg,0
3602d71105cdbb35389fb2a628146d4f  -.png,1
364b366eb9a388924b028420c4007a6a  -.png,6
372d6eeb8f5ca6242a8f2f8106364777  -.png,1
3787e070457cc2b27b3e3572086c7842  -.jpg,6
38260e8239a76b9e823b27601609aa39  -.jpg,8
38748b31ab46ee79652a1e57adb61d94  -.jpg,2
38b89e37e0c1841ae22dda94e431f5c1  -.png,3
391fe735e84af323772c51ad6e4e5d92  -.jpg,1
397f354517779762a16f0b204d9d54b8  -.png,3
39c4f9709f0a64423c9145f439826d53  -.png,9
3a18cf1cba620fead282adf04e15706b  -.jpg,0
3a929eb89e9b77e712efc69ac62573f3  -.jpg,3
3abf88dab5b45e5575a589670f2a2aec  -.png,6
3b2e636a6fac9184e12a72c3416e50e6  -.png,4
3b777a6f80cc3d9dd1ebcb10b76fea78  -.png,3
3bdf5c739e321c536cbd4d5d8375d39e  -.png,2
3c0c26a8d5164ed9605909f5da86b4d9  -.png,7
3c77ff66bfcae824aec046b4a4a390d1  -.jpg,1
3ce1599b01d69aa9af8d9a3ac1b33319  -.jpg,9
3d720dbd5eca9f9b7608dc5033f419a3  -.jpg,5
3de9fc3d469f57d5b8a82dd05503a05b  -.jpg,3
3e3f336489fbabd4e06034b0d78944f3  -.jpg,0
3e7919f009f6cbec8de097afeefa770d  -.png,2
3f1c0fe187146b3dbedffcfcde4cd4d8  -.jpg,1 
3f693d676dfbf179a509cfd33109a1da  -.png,0
3fceaf893d60726497978bb775e513d2  -.jpg,5
3ff7c73b8bda8da322f4a941c38d80d8  -.jpg,7
40585a28702efbd3abde8c51263ac773  -.jpg,1
40969c689ee445c03942905c70fc83ff  -.jpg,2
4100d145a2a41f9f8d23316a738e9967  -.jpg,5
418d4ff3a8a9b2d749a189eab3b7ff95  -.png,7
41f4bc491f9f3ead8eb9d8380a7a2b59  -.png,5
42299e85859f21985cb9b10560ebec06  -.PNG,4
42a1e7217bc36f7ae0adcff1c916614d  -.jpg,2
42da201b105ab4a7bf7cb12b96ab1a1d  -.jpg,5
432b67876e57ca4211b57cde920f1050  -.jpg,1
436b547916566299c9f96aecb411048c  -.jpg,1
43c9dc8284eb95e376251a5d97005a23  -.jpg,3
4446a6d02f06b714b1e50d27493df107  -.jpg,7
44a49e155e1f90ff207387557a8584fa  -.jpg,3
4544085b6b76befc3e668509b5dc47ef  -.jpg,7
45aa83f21f45caa70979cc49f7a62a37  -.jpg,2
45f4f78a41736de512be26cb8428315a  -.jpg,7
46bf95294fe5917ca9067bc2e50046f8  -.png,1
4725a449c0948c48e7fcdf6799e78d02  -.png,0
4790e540cf6f2170f3eba8e2bd5ddca8  -.png,4
47af9f6c216007d0eedb096e8d757fa6  -.jpg,4
47f6370a8ec1a5fc14522d537eea9a3a  -.jpg,2
48591ac7b1be4376bca96abc9af1473f  -.png,7
489ce1aa3ac6dd87bc21718884e9031a  -.jpg,3
48f5963ce3559c3171f205b59b2ec676  -.png,6
493b79073e945ab704efba8b20ceabdb  -.jpg,4
4992f68a62ae083566c3c817a13b3015  -.png,4
49e759866fac8d92827c4a797ce5d194  -.jpg,0
4a42f04a46f568f62f778893bacdfc6a  -.jpg,7
4acf1a7f163b5f4d34be20f4c051041d  -.png,2
4b0b2c11c2e0b852f909d23c99de8e47  -.jpg,4
4b9fa79643b962191afeceafd83276bf  -.jpg,8
4c32a51d2bb4d68a3af41b26554cea2e  -.png,7
4c81b70d109c4e58d8b9c3fa30cec846  -.jpg,1
4cdc955c9d23efa56225d800c98510bf  -.jpg,0
4d81ee9cd00a446bde6933f9d7230074  -.jpg,8
4dc496d674101e9ed26156d051d1421e  -.png,8
4e5a6569b20c55c3ba34c0e574a63bcc  -.jpg,8
4ec89fb607929cfb6eaa66b5604fcbd5  -.jpg,4
4f8cedbe21858f173059595f7f8115ea  -.jpg,6
4fe8a08b92f0faebe9a9c9f99b21b9f7  -.jpg,5
50c85e4713543b3e578d8c9c766b2bf7  -.jpg,3
513cf342b9a81db74e009dfc946372a5  -.png,9
51b9c50c6a5db50950cc06cabe7dee6a  -.png,4
5219f35ce1e1e4fb722653248466bee7  -.jpg,2
528b562ad467127bd657f4e1364044ee  -.png,3
52f89afde8392094618710acaf0306a3  -.png,9
534641db0b5e51bbf2d4a23a58217345  -.jpg,9
53a1a939cfe4a570764be27ab43d5f0b  -.jpg,7
54826fe309d762eb2d5a2fa0233bc346  -.jpg,9
54e1b458982c6d29880f0f439af99677  -.jpg,1
5540c8d237294b8e65ea61f8374a272f  -.png,4
556fad8dd7dec6b8fa395f2c35472f47  -.jpg,3
55db2617d5564c1b087419150e11652e  -.png,3
55f61f124da269a148ef3887a85f0c7b  -.jpg,3
56641937f0c93e1cbe492ac606971cfc  -.jpg,5
56afeb9e353a4c46ec6e6c970e9f173f  -.jpg,4
570e5b472daf6fd13c66c86f2429f6a0  -.jpg,0
57b9f7d6bb017085b1022a1a5c1b8b79  -.jpg,1
58099aca58f931f3425c51be14804ad9  -.png,2
583f07f4e5b0db3b969b7fc0fe4393e0  -.jpg,4
589750357c71219afbc59ccfb43235a8  -.jpg,7
590461acd9920fd0a5cff1ef81a5b27d  -.jpg,4
595250cd793b57726a77518ab812811b  -.jpg,7
5977ddb2225da3cf828fc5494d60beff  -.jpg,6
59e212fdd57941f489847eda1a65bf55  -.jpg,9
5a4e041287a769a95b7900becf186518  -.jpg,6
5ab78cd97c4a0b319ee28ebeba602223  -.jpg,0
5b639b2945171a82cadaad8d9f8e0ecb  -.jpg,9
5bb6f51c4d3547432331720a6bfe82c2  -.png,4
5bf2590d778cd7fe4ae5dbd8fb5de82c  -.jpg,5
5c39f5472d3ffb23bf7883cc1b2d00f8  -.png,3
5c7946fee5aacf9af5d94d8713613d51  -.jpg,3
5d065ea29a946ce2dd15467cc81ab57f  -.jpg,7
5d8c7b791cf73ed371cb2c5c5a680347  -.jpg,2
5dfdb5b4aa190b09d8020ae6cc537e32  -.jpg,4
5eb57d36de6b556883da24e52e0f989d  -.png,9
5f0a1aadc7186b3d062002e113dfe36b  -.png,0
5f767dad6964fe9f130752c107e5abe8  -.png,1
60314a8e49fa595cddfe7f71f3632e24  -.jpg,4
608c2354ba4e251a836699948380b7cf  -.png,9
611472177904c680f997349a89c07f9a  -.jpg,6
61b50703b19b728796a3985614f3b7d1  -.jpg,8
6265900db7121318a39f894c3aead6ff  -.jpg,1
62dc2231a6fcf16aa8e4e19369b2e2c7  -.png,1
63d354b10a8c0df0b9d0a80ac27eb033  -.jpg,5
64b06f5b1778769557c56dea26093821  -.jpg,3
65652439743cad30866c3c7414feb1e5  -.jpg,0
65fa675e569c352bbba76ca6ea8ad6cb  -.png,2
661e3df6b4ac5d35d7ef9b87d7f4d909  -.jpg,6
66548a837ffd702a3a183e5eb8c1e5d2  -.jpg,4
667285d9b3b51dfd5899b204301aeb98  -.png,5
66b9b11ac1e7a8863b748f44b3ba81f7  -.jpg,6
672e2e2cc364d06998b902f687869c99  -.png,6
676b2f72c6053450101a41c1aaeff987  -.jpeg,5
67fd7f3ee9bba1caa9207738c160c510  -.jpg,1
686640d548cc388e501270acaa95f188  -.jpg,1
68fc07be22ea8025fa4eca61ee8b84cc  -.jpg,4
693b9f460e3928dc7337426296eddeeb  -.png,3
6a244985867fcc23f646120ac0a22d3f  -.jpg,6
6a87511c05b988931bc5177fc7e096a7  -.jpg,1
6ae8ddb0c19dafad8328434f8e6c429e  -.png,0
6b97a1f4a353a2a2574729ae02d3e9a3  -.PNG,9
6c6b731b342524d52116b6580aeb7d46  -.jpg,6
6d26b9b3db0b16cdeb2b19dcee60e7b2  -.jpg,7
6db9e552df0b73b5032dc7e39b443c3f  -.png,6
6e707626da53d01aeae41b7c3a1bbc44  -.jpg,9
6eec3032ecf9f6781462faf02f379f38  -.png,1
6f3be6afa61f228396f3e1b81527240f  -.jpg,9
6f9832c76dcc75124d34c62c4fbfb22d  -.jpg,2
70592a0616ef4196341b31a434937e4a  -.jpg,4
7114493345d48e50fcbc481a1bb5305f  -.jpg,6
71b5c09bc030728cf721fe0dca9daa64  -.jpg,4
71c5877e50b90e4d63c353275152058f  -.jpg,5
7214be712d020a01327638ed60ec7cc2  -.jpg,8
729fc2a2b2d45e116a97568fa6749dd8  -.jpg,3
72eaa57010e975247c39db336385f297  -.png,1
738711c69c7ad9cf12fce2d4bb5c44a7  -.jpg,5
73fc0665aafda11f740d080738fa2110  -.png,6
74b32110667bd29eeddd3a75923ac1e4  -.jpg,7
7567a89358b3f079e0796afdcb266ee7  -.jpg,1
75d484f6d98b58ef3be69fcb7e785886  -.jpg,4
766ba06ca6368e66a953135a3b684e40  -.jpg,4
76b6e604afe9395167aceee36b0e85f3  -.jpg,4
770cce142caa5878d6f3d73f8229b486  -.jpg,5
775f610e9a4bb7342cdd1e5465887135  -.jpg,0
7849f5d271d85c265b0830a3d32b2ec7  -.png,0
7885cf1842f747f854288dff6a652caf  -.jpg,5
7902f859e6b60a4589c64174a95974c3  -.png,5
7967a7f7321530f3483d4c933d51d213  -.jpg,3
79b744dd4adfe8d54de0ac149cbafafd  -.png,1
7a0920cb77e3e736dbcfef6d11f0c8c7  -.jpeg,9
7a7ae066b2312e33489e7e495d5bd397  -.jpg,0
7ab3618be1bbe7e79093138a8b636498  -.jpg,5
7b388a703effda44081861ab129bbffe  -.png,8
7b9a6fa43b9294786df0738e0e26b363  -.jpg,0
7be44ca2864b3a9d11b3a6c7c46ef585  -.jpg,4
7c3ee91ce00e3ee3073710ab4a0375d2  -.png,7
7c8c3222db7a71dc4e75dce60b6bd842  -.png,0
7cd79a013fa22df7d75997df3a08f8c4  -.png,0
7d777cfcde4390a8e2483fe266f18ebc  -.jpg,0
7ddb1ad8518a21ae7f117c22bcc025cb  -.png,9
7e6f2b1caf23fc95f70aea592d4462b6  -.jpg,9
7ef128f54cee529c4e1abadc8d6f74c1  -.jpg,0
7f125448dea8301b3443ed201b5123de  -.jpg,2
7f60f4b38ab7a174e6e297f331dbe23a  -.jpg,8
7f9cb158af68b41183452322ec1ab06f  -.jpeg,7
804b29f9f34303683836012652d065fd  -.png,8
8108fdf0b1220293a2a8f6f62c1e88ca  -.png,5
8127aae789cc33dbfd797366e25b2315  -.png,8
817287a08618cce222701e4589e94ea0  -.jpg,4
8232cbed644aab792fe4c0316724e581  -.jpg,2
82a48057474fd447d9f2f323c3f5ef5c  -.png,9
830ad4531a51bf4f989a0f9183726b0f  -.jpg,7
8376800fb4de6c7753ba7c8243c0fe8e  -.png,9
83bc76d7f3c538996fb0a21092df2249  -.jpg,5
83e013713698a20ccdf148c4974c733f  -.jpg,7
84e6e0d41d69ce111d81960ef81f4158  -.jpg,1
8545963cf45b718067d1412904536935  -.jpg,8
8567615441f1447d1e77ea31c96cc871  -.jpg,1
85e596f2ec8e6d7cb96d0f215b0c1f08  -.jpg,3
863ad6752ad6e45c068a319faf8c589e  -.jpg,5
8707869fa31db6c705375717093ea2a8  -.jpg,5
87ad41082710b76738f40c5f3f3e5b00  -.png,7
88190e6d51f0a56c82d5475dc8044992  -.jpg,8
888ef531d61f99f226ccb857e603f3a1  -.png,9
8990f1ee02afe6eb8ef6aca934eb15d4  -.png,3
8a1ef99012ab9eade9ca47b037fe62f5  -.png,8
8ae75a4224a3d4b093649cdc6ae34f12  -.jpg,4
8b6b3fb7aa87f8da4e90b718439e6a85  -.jpg,0
8ba3ee067cdfbe4d5f876b180d2edd8f  -.png,6
8c0648f7e22eb5d67c66f29b43b66fa2  -.png,3
8c623339872516bc81fd0871d3278f3c  -.png,1
8cf830275abac9b7b59107046a366560  -.png,6
8d8d24d92edd559dc252fc7b19a3bff9  -.jpg,8
8dcf207929ad7457d9d01c2eb02abeaa  -.jpg,0
8e5c4588488977e48988cd5eb11c1904  -.jpg,2
8e8e46d5226b3ada575b81723caed43b  -.png,1
8f1f8f6cc687cc1edc240490efc74629  -.jpg,2
8f8577f3b70663e1aeafb1bd58ee8e58  -.png,5
8fe7405a9ae1f92b384842b93565e118  -.png,7
9042847d9f2ca5835b40dd03cf1aa86e  -.png,8
90b783d018cf0f74c92f07cd89e89e06  -.jpg,9
9113c799b36fffe0043a8f799e43fdc0  -.jpg,9
916d6ebe08fd55496014f90135134ace  -.png,1
926b5fd35c737c43147d2f450aaf8fe2  -.png,7
92ca587c41ca68aedbfb1b780e45a2a9  -.png,7
938e5eb242c9f3b61d53919ba419735d  -.jpg,6
94485e0b814854f7eef50d23b85c1dc3  -.jpg,8
946f9ac6ac2446e33322db765287b1bd  -.jpg,1
94f006345c76c5f6f0ac7c10a9cbbdc3  -.jpg,2
958982431af467e655f051f1ddb8df4f  -.jpg,2
961b0744e64b4a36565fda5e0586162d  -.jpg,1
96f153361efbefa985b7f870a26fa917  -.png,9
974b625caa750c30c50c0512ca9132db  -.png,6
97dd68f36c1f630d62db76b5e5900915  -.jpg,3
983bfe115a5dc0d56962c76ac79874b1  -.jpg,5
985f6a07944a220f4b38f57ef6a2d250  -.png,3
990b7b820c648ff27dbf8ad7aee63110  -.jpg,9
9934d87f3f727cbd9115937f7900052d  -.jpg,2
99a953ed24f57bacf821d0acc5282c0f  -.jpg,2
9a3c8148bd2a8ff424bb76e465a294a4  -.jpg,7
9ac9cb1ea9f6124607584e36d436bf78  -.jpg,9
9b3295dd1c8dffe71f9ff0ec1c54cf2f  -.jpg,2
9bb66b8e129ab82e24befc21090202f4  -.png,4
9cc8b42dda4362d2b907202d1bc5dc00  -.png,2
9d5843c489ed5a6cef2c10bccdece11b  -.png,5
9dccc82ce00ccf6811d7811394ff9d42  -.png,5
9e145cfbabfc0dbfaf1b98099664da21  -.jpg,9
9e82da56d8b80eea2c019da8790e0656  -.jpg,9
9eb40952fccfbc65a3ab089933814ef0  -.jpg,1
9f21751fc320aba7c5da585b752c1889  -.png,0
9f9919fc4bf34ca85ae2d614bd332399  -.png,4
a01ddf87230de5181c4be282de75522c  -.jpeg,7
a116c517b2ec3d8a6a0086388b5ffb4d  -.png,0
a14d3c17c305df79ba30f247f3e1e996  -.jpg,3
a17d6df2f13338826370ac96fc90a392  -.png,7
a1a5e10379efb28f90750563c30fa7bc  -.jpg,7
a203b3f1538acd0d96a5a6b2b63c412c  -.jpg,4
a29cde1e0e6c6fda20b580cc68f9a4fb  -.jpg,0
a2de272a34e7c965e2e0c45a69e964b0  -.png,9
a4057a8d80f91a619716e745c096523f  -.png,1
a469562959bddd1dd33e927e0fbff044  -.jpg,8
a4d3cd00c611435584a5e30ef421d2ce  -.png,9
a55bfb97cf4249f20ae98aade08fbfa8  -.jpg,1
a602cc1f43c9a513d28a28c5972a9ee3  -.jpg,2
a63a4a361b90d47239e48fe3b0fa3852  -.jpg,4
a6d55a455f1bfce9fcb845320dc4bcfe  -.jpg,1
a70599b789603399f28442f503c925b2  -.jpg,0
a75f9fb4f1ab34e9494aa6a306b00048  -.png,0
a7a123401b1f713f80e2a12b02a8845c  -.png,3
a7d935b31825fea683d1db2faf13188a  -.PNG,8
a82c83e18eb82d759c7e38bafcb509f9  -.png,2
a8de474bc7117bf8505b0fc338229387  -.jpg,1
a9260714ee37beb0182d1ede8519b656  -.png,5
a9aebf38e0f7aa9dc215055342153035  -.png,3
a9dabf69c8e2373a921f1c7c1e2ceca6  -.png,5
aa3ca0a0a7dc463a1b90543ec54612eb  -.jpg,3
aa94157ac5d5a949487b181b4f025c42  -.jpg,8
ab02ee0854da6db3ef42294e850e0454  -.png,2
abb45b45380c8882ccd2c077c97339aa  -.png,3
ac1e841cdffa245368142617a89748c1  -.jpg,7
ac3e14af1f37e8c62e0618f9d583c661  -.jpg,8
acc16e4bdb7704227d11a9d456202120  -.png,6
ad0db8c8e152279af8dfe860d7e85789  -.jpg,3
adc10b822f427e14df429d6126dc4138  -.jpg,9
ae5e78f0df12e54d327c228ce42638ca  -.png,8
aeb9c8a3381c5726731b766385320293  -.png,8
af29d11ce38959048e276d6dabae722c  -.PNG,5
af9db6c989c2e7d5302a0231a1f01bcb  -.jpg,1
b02a3328b678fe6a319f08a30355a8ed  -.jpeg,8
b099987703ce75c57667172ffb863be2  -.jpg,8
b123f1fee3be4b6dbd4ac9c1f8943bd8  -.jpg,4
b19664cba834b4966e877d752a500852  -.jpg,5
b222815f1411ddd05c4539316ef1835d  -.png,4
b26ac6eec5a7b4b496e25e4f77cdd976  -.jpg,0
b2d36a381998b7f7ad85ca2ae25f5452  -.jpg,3
b3561052e2c66f6e95f6ef1bf3342f19  -.jpg,0
b3b4be8d1ba4dc23099ca931e00aff79  -.PNG,7
b415695defde811062bc19afb421a9dc  -.jpg,1
b4893c52f1623d353da2547ba830da6e  -.jpg,3
b583989e16f9e9246ee0622b7a6278ca  -.png,9
b65be0e86b2afbde485033e541d8a432  -.png,9
b6d20133cb3871c80ec076a2abe22449  -.png,5
b75d62f03e710f3ecde5f2e2d71b0974  -.jpg,3
b7de165a25e6efbd4e68bc7f70592211  -.png,0
b85b6d21bc468d1809826b6eec9734f4  -.png,5
b8d39984c65a4d8cf345ab9b2a67b656  -.jpg,0
b98d95777527a5baf51d109fc07fbdb3  -.jpg,7
ba0bbe5b2ee5c48bfc75667737f1d090  -.jpg,6
ba2580b25e47440955eee975fe219aac  -.jpg,8
ba4f906cdcaa6e70319da898e6d48327  -.jpg,3
bad2c3e85dd52d615d30354a063a0e54  -.png,7
bb2e2be5354f965078bdb202ceaad130  -.png,1
bb3ca525aefb1fddd567842058bc191a  -.jpg,8
bc026197163cae90fedc6114ad04c34a  -.jpg,6
bc4653c58ef0f905117fecd12b7093f3  -.png,3
bc9ea88a68014a9b3ec68462282e8f16  -.png,4
bce01b542a1a5b43256bd82540ceecf6  -.png,0
bd414c53f0f3a6cb4dd6a2590954d1e6  -.jpg,5
bd6898a5fe0db1b5c6c68fdeee7220b2  -.jpg,8
bdc3922355a652cb1ee50dc814c11a89  -.png,3
be3d8411edff10b50a630eddf9ca0380  -.png,8
bea3fe3aae959f2b4312eb4d0db9d511  -.png,6
bf61a617ea89c599a91ac1281df99c24  -.jpg,8
bf9b28ffa396000b4e214fc72f102b8e  -.jpg,8
c0377ac350448d67b8d35a4b73deb591  -.png,5
c08e9e6679f7ec298d6fba38f7b5b5c3  -.png,8
c19b0f9bc63b2c87b08f1e5419d68b9b  -.jpg,7
c24ab799065af7419da17767d839c5ea  -.jpg,7
c2a0b43c8f58038b463c75abb9ce5b63  -.png,7
c347fec92e799f6cddc6f5eca9aa6715  -.jpg,5
c3bbd5da0f67edf324db210bd76cc696  -.png,9
c484e28c5e8d126e795bb2f92c56dd40  -.jpg,1
c4bbd22cf3a109ce2a4cec0d1c356541  -.jpg,3
c4edaab610e05c6a0d4b16d18aa0dcdd  -.jpg,7
c58a92b553f76bc5cb8236a6e7f8f554  -.jpg,6
c5e85b4d4daee1669b8ade6908348017  -.png,1
c672e234f3152cc426d3499d10855001  -.jpg,0
c6a402175b4d6ef93276535b8e1c69c5  -.png,9
c769146d118200002c32c97462a84973  -.jpg,2
c7a5a84fe6a74a3483b542df424df9b3  -.jpg,9
c81287f584c7fbed89a66bf32048a7d2  -.jpg,2
c86252f233383674e5062ad8d3575ee4  -.jpg,5
c8f39d7882d8fe936b98f01d7eb43c59  -.png,8
c985433c4db5de216ed6ee6a12b24c3f  -.jpg,6
c9dc5d32e961d2bc273ccab85158012e  -.jpg,7
ca5470a218a57c84c55b8e91dda7dc0a  -.png,4
ca886f20dcca93cf4ba0ff93d0460760  -.jpeg,4
cb352324ab6ac2fbabd84f51d7e943a4  -.jpg,5
cb846e5f0d63a4ba4e924f9b198ff161  -.png,1
cbb7057dbb467c643b726d5f682e7481  -.png,6
cbd2b9c9e1cea44940febbbefd41ece4  -.jpg,3
cc2d4c6c82280379b38b46bf5e7c3801  -.jpg,8
cc882e7b24c48a8ea9c4d92881bc79cd  -.png,4
cce67cf311baaf6cc0d9029f5c50d511  -.jpg,3
cd36044751d858d4fa5cbd4ce73d87f2  -.jpg,7
cddfb91db1cafb06376f1166729d3cf4  -.png,7
ce3482ea1643db42e3ff92eea7eb1bdf  -.png,6
ceb417c18b8f5ac3c2cf4e500427d16a  -.jpg,8
cf5465a337dae07f2a7195b12a734767  -.png,9
cf9a7e3fa0dd215b074612c3f113d44e  -.PNG,6
d0104058da4c60eb67afb8dca6cd0578  -.jpg,6
d0550ad027ca635f44b362ba6ffa2e33  -.jpg,2
d0a039519e98b7ad3d793f7f5c172961  -.jpg,1
d0feb5a9bbe5494656ab65bdf85d90f5  -.jpg,3
d155e27c4e66c72178f60bb1512573e6  -.png,6
d1a2b1ed8f64c2dd567d82bc49d6c5b1  -.jpg,0
d1d1353ddea7f105812949e0a5ff898b  -.png,5
d22ea397f7f3d3e4e70ba66105f89eb8  -.jpg,8
d26a4cc2f9228f2f28d578a357eaf399  -.png,0
d2a0729fa4a097e1f0b16d262168682a  -.png,6
d2dc6ba16afe3f243e2549d28432bf07  -.jpg,2
d319440a16d36e3c0ba058f03095368c  -.png,7
d34d000cdd728d68c5d185fbaad73ef4  -.png,9
d3daad04ac154caf5ca7ac3ce5e63abf  -.png,9
d4249246edadfad836e78d4080fd5f98  -.png,5
d4837a903870674fdcb04becd805f23b  -.jpg,3
d51a37389f459fcefb186ca9d6e137f7  -.jpg,3
d5585f20d10e859696b1cf43160c8f03  -.jpg,1
d59463b7854d4c7a0ff9ad5e0e910b72  -.png,9
d5d02e54376263d49d39a8f1d9b242ba  -.jpg,8
d61afd968fcd1eb6ba3fa1f1eb5d1b9e  -.jpg,7
d6c270d51f37943d313ef6ca72aa4a0b  -.png,9
d74626e81952b26d23a788beecae39e7  -.JPG,8
d7d612845b666bb051a27cbe40340dfb  -.png,6
d849b96d92fd261a1cf34546f2aabb8a  -.jpg,6
d8ab13d81d79cc5fbce04650231d3f52  -.jpg,8
d914bc34e8cc1eb8438595ed47665e59  -.jpg,3
d9d623ec1283bcf9ddbea381e59d7be0  -.jpg,7
daa2e61119a3190c0bb238d473925f20  -.jpg,8
dadfb4ac1c623e7b76402bb711355d61  -.jpg,3
db3af974b5d5b5d2112fabc9b59e76fa  -.jpg,3
db80082330e801c3ced67e365314bd78  -.jpg,1
dbe1eb93d50487b59e2a4d6d079a0191  -.png,0
dc403806e9f16983cea5a0630956a007  -.jpg,7
dcdbb3369b1e48483dd58e6b1b1d8fdf  -.jpg,0
dd140cc8afe3bddd4d99278224bf64ba  -.png,7
dddc85a9bf3ebb3415361bb200b1e6d7  -.jpg,3
de2e90f411be2df8a10dbda4eb592a9b  -.png,0
de9af7398852ecb19834d383840e1a95  -.png,1
ded58e74cb5945c78aaaa0ce750ef2d1  -.png,8
df02ca1739c6b167709c226e4e1e82ee  -.jpg,1
df3aa89a012f26beabb82f523298cb2b  -.jpg,0
df701944bc6a9461a2d66bd934826de5  -.jpg,0
dfbe9a73058f0a2258213d7660264964  -.jpg,7
e01d7021fc4091d00c19a1304b521444  -.png,1
e0718efc7a5ac3e1362a2c4c7aa5064a  -.jpg,9
e09ce2711aeff8fbdbb254b615db7114  -.png,4
e0f47ff99506d3be0569eddecae94598  -.png,6
e155def1e79f23a0de8c1bf78f6ea972  -.png,2
e1d71ab093819044deeeeb8393e5bf14  -.jpg,1
e238b7b1809e07a2456b72b907271c10  -.jpg,9
e27d0f8f34ac8cbf19ea471dd62cdd6c  -.jpg,0
e2f4c27c34b86a98a1b6f660c1e2ae3e  -.jpg,2
e37da3986a26ef356fd2d35b79b2d6ae  -.jpg,3
e41610962d998ce0e7b84460663e677d  -.jpg,3
e44ecd0bc05edc33b6657c4cda39c9b7  -.jpg,8
e48728e8bb270ecf609f01b0e188434b  -.jpg,7
e55423b97d376099b8c95f3640fc53cf  -.jpg,9
e6068fb9180f39773d35952308480e31  -.jpg,1
e659b868fc407a30a6d7ad8db1e28030  -.png,8
e6c343ec76d2e94cf97641256145f881  -.png,1
e70b53c5f3799e437905984aef3f89f6  -.jpg,1
e75d6f5fa0d4f254c48fcb8241dcb433  -.jpg,2
e8636283b73a3b65208c2dfbf3d0c7b6  -.jpg,5
e8cd9d467fad52048fc42f721aa48601  -.png,7
e9c8dc74da28ad21a60e560318510b99  -.png,4
ea0bf4b3a44a90ae79f70cf0c15459a9  -.png,2
eacbf7db33dd82fc16e552d2d13baecb  -.png,7
eb640ae1b14a3061a4b807388253543d  -.jpg,1
ebe78984714ea5fee0143761cf38c179  -.jpg,6
ec5ed1cdb69445f5fe8c15d05c2f78e7  -.jpg,0
ed0a3f280967a443b815dbadaa85f113  -.jpg,9
ed408661c57a80a5bc1706673a3a87c3  -.jpg,5
edb562fe26864ccee88d95f67a13c94c  -.png,9
ee1513eea3e1687daf72d0e2db816ae0  -.jpg,8
ee5ec55bd4c0e71a0329c95dcd46becc  -.png,6
ef4a29af866921467b2571ea687004d4  -.png,9
efcc19ffed0a276dd0b084281d2a19b8  -.png,1
f037a9915f4c8b769e8de9d8b7658e4e  -.jpg,8
f0a0c970bae4346589d84ba78a79a2ae  -.png,7
f11b7598f43b020fcf0f86497c46aa39  -.jpg,8
f18773695bf8edcbb80fb937bac8edd6  -.jpeg,1
f244a3f73b5840e5dd152bac34527491  -.jpg,5
f26ffbb31ebf246fd2852e9217766f3d  -.jpg,6
f2e8852b6c467dbd52f1465473d6792c  -.JPG,8
f33046e02f37dcda0d75fb2aa4bb05c2  -.png,0
f37117441b7a34f5d47653dc9c0a9640  -.jpg,6
f3c61ad6cafd161fe48a09937f30fed1  -.jpg,4
f4125ddf2748fa2e5d77fa0a327a6ac6  -.png,8
f469afc569a693d9415d4c58c32049f6  -.jpg,0
f49ac88f5e868d0448dbbed2ad0bfb84  -.jpg,3
f541a5219ede6a2b759d091a67014551  -.jpg,7
f5d42024652aaf9444fe92dd5e220363  -.png,1
f67449a61ae07604e3d655f89eefc0b8  -.jpg,6
f6ce8dd685e5341635a23a77015d14c1  -.jpg,0
f6ece88d038f52ac86fe44d86b68963b  -.jpg,1
f7c76cdb5e4f3cdd86ad4677fd20153b  -.png,8
f8215cb0dee251cf85a08f15c01288eb  -.png,3
f87f9a63bacd73b4a2c5d264e0a0e38c  -.png,4
f9052993342bab622e01b25d4308814c  -.png,7
f95518d73a5b2bb35876c337e6ff0f2d  -.jpg,0
f9969b99a36048de634b5279060d5684  -.png,0
f9f36267cd68ea70d501afda0e0b9345  -.png,1
fa1cc2427d54b0b112979a791695257d  -.png,0
fa7204343d18fa6d40522913bb3f43e3  -.PNG,6
fb2a000669cdbb51d30b850055e6ebb8  -.jpg,1
fc120b62f91f0c3c2129a59463c467b4  -.png,1
fc7f83d8687a5f0f355b191fb517ee45  -.jpg,3
fd5d25df4263a6c1a5d095285d088f2f  -.jpg,7
fe03df34c0a7a6b88806bda6758c5d90  -.png,7
fe5e6b27651fcc963186a63bf8dac5b7  -.jpg,4
fefb28674f4230ddfcdf3c8ea38d20e7  -.jpg,3
ffc581da7c506d1674bfc050fcf9284e  -.jpg,0
