00165d6f69c3be0eeb5d6d25c178daae  -.png,7
006c571c090bc36b06c2a1afff6e6454  -.jpg,0
00d9f4112797c50d4d060fec9390ab8b  -.jpg,3
013c1b9846746bcb95f05730a4f7bedd  -.jpg,8
01a41c015e1add1f2ca469cbb8e52d5a  -.png,3
01e34739476586cf51e2121bf7baa9ed  -.jpg,3
025724cdaf4200af37299069faedae45  -.jpg,7
02e66b839b22905134a5df7962d81080  -.png,6
0368a35ef47cc10ccf709554d24fb8e5  -.png,1
03fdbb69ab7fb6b9a374a5455aefd5e1  -.jpg,9
0431fea4d9f5bcc53d863225f4a24e2e  -.jpg,8
049da34f2af875e440e5f841d32f7f29  -.jpg,4
04f91a591bc408ff7dffcdac840329db  -.png,3
056bc8b50b0f1281bfc97527e09bee40  -.png,8
05ee77b8699cc4a17a244a2e6ede94c1  -.png,4
06b608c26cc51becfd387ef894577fed  -.png,1
06feb9d34cfa3c8434989bf5c9dcaec7  -.png,2
077d1480c1d403f7774166a80f0b96d0  -.jpg,3
07fe15bc92d50f3fefda0c817777498b  -.png,3
08b0b3fbda63a870700e1a62722c34f1  -.png,5
0989d6a7b1f6dc4db0661eb81c151a4c  -.png,0
0a590bf7ccd20150494c66e2fcc5b6bd  -.jpg,4
0a7353c230fbdcaffb6bafc76212961c  -.png,0
0b64d1d8d0810edb9fe6b036b9cc7a22  -.jpg,8
0bdae7dd54d8506258def9db39d8d003  -.png,1
0c495be6ee191600c474cd00212467c2  -.jpg,7
0cc6deccc6ef67faa4cb8ddeea48e950  -.png,5
0ce575c67df5d715b4bebed1934941c4  -.jpg,2
0d6b565cceb3d5a3366633a81bcddae4  -.jpg,3
0d9a6dd4283b84c7ec873f6cf0b44282  -.png,3
0e2008a416d4092770731dbf61cd8728  -.jpg,6
0e473e77a2b2213556c0e33450381636  -.jpg,0
0e8dbc8bc36929289be7660cd25c05a7  -.jpg,2
0f113269687e786044ddde18970f9652  -.jpg,1
0f51fef226be7dadc7670d8f84cda7bd  -.jpg,4
0f8216d50235dcd24f6f6bc64a89c59f  -.png,8
1002fe6ceaf463f561f4f64f30c3b039  -.jpg,2
10c94aa630807a85721d1c66e604e00a  -.jpg,5
1135ec35a6ed7d1a6288bfb1448ab23e  -.jpg,6
1153b4d2fe6354ef7733bd010b20f30d  -.png,8
1181b06d89825c2fae783deab23898e6  -.png,4
12621d93f5c4b60bacdaad5b969aaee1  -.png,7
12df8f91d1eb88ffe1212a8a52eea657  -.png,8
130e3e1d18a98a2be17b5431bf3f8adc  -.jpg,6
136f2faafc75e393a8ddb64f817cf7b3  -.jpg,4
13aba7be165ccd521b9d08553d2bfddc  -.jpg,3
141fe72ff9ad7e0b767894f34ee9248f  -.png,4
1441db219ef9a26b994e271d1655dd65  -.png,8
14c47f073644695f088539ef48b5a831  -.png,6
153f6bef34a067b1076fc6549bce363c  -.png,0
1593b0f5c1b3d44b8711b4cf5865fe1d  -.png,6
16471ec37688eeea0b43143ea94d372c  -.png,5
178a67f0069062ea5454cfba2e13c86c  -.jpg,7
17bf35e4f93b9d8258546795ce302846  -.jpg,2
18b27bec17c0b961553b1e03d4208862  -.jpg,5
193f0995182b0629bfede39f67fb7a62  -.png,3
19b6c41a385422be8c698532516936a9  -.png,1
1aa001eeda4f28d2a6e90d89fe532a9c  -.jpg,2
1b15a3a76a71e308a6295c0b3c34048b  -.jpg,7
1ba599edc95ab3c0572fef8d22b98964  -.jpg,5
1c11955e1cc0bfa32cd011162560428e  -.png,7
1ccdb9744a0ccb4fd1354f39b7d372c5  -.jpg,6
1d1f9fb7a3552e20423c721b94402db8  -.jpg,1
1d8f16b8ac4703d266dccdb49c05133e  -.png,5
1de492ce38df424d122262e19416921a  -.png,6
1e71b0ee42741dfc30ea37dcd3f1bbb4  -.jpg,4
1ec1f1100ee957c93b09bdc2fe0437e0  -.jpg,5
1f1f65d688711e4d7b1d2707911a67d2  -.jpg,7
1fd62e6c84480774005b924d82dba7a2  -.jpg,8
20554f2a7bcf12a7a1dd03393895b901  -.jpg,5
20ae701226722a421397a4495c3d64fd  -.jpg,4
20f5a54052233028d6192f06fa99a859  -.jpg,3
216ffddd4915f96de32b2945f05bc5d4  -.jpg,4
21b54f1f8ca84139291d38d148656b2d  -.jpg,1
21dfe844c108e7b46cb1598de1493ad2  -.png,9
223982c056d5057ae3cc2e59118483d2  -.png,2
22eda4132c8ce8706d7af8e9fe9c67a5  -.png,2
236280551055454275844bda8b5950d0  -.jpg,6
23e5ebabd74d5e2c7f7732199a312ab9  -.png,4
241f844b0c0b2b0f0a47bf2be4aa8650  -.png,5
24ec27720feae2a6d041cb9be2cae179  -.jpg,1
2530a552f89800f89becb94f9f5b08a1  -.jpg,3
2579d5954cce231dc04efe4635b85a02  -.png,6
25c83d5184332884f0b20ac5034b15c8  -.jpg,6
263da3f1152e13f26b9474317bda7ef9  -.png,3
2686118e9bd40239677fc0735ff146c9  -.jpg,9
26bceb94c5a0b88c9cc8f47a2fdf387e  -.png,7
277d4f91e5d2a4a77ac7999266c64a31  -.jpg,3
27d3936747b22c8b29be8ae9a5d2f7f6  -.png,9
2833f1d0ae1966fa1a693796a0c047fa  -.png,8
28dbefeff11a7b7ff72edcdee900eb1f  -.png,7
29424489d3d8e6b38bd0410579131e1f  -.jpg,7
29c5a4028447ea6b1348b57c1984e3a2  -.jpg,3
2a4704fd10a87fbbf93037138bfbd811  -.jpg,3
2a7b552ef9d573b26579257da4644b1c  -.png,8
2b0fac0f4b2be41763ab896ccef19ec5  -.jpg,5
2bbe112430dfd5f1a0813409d43ec8f2  -.jpg,8
2c391578472c30d4a565a63e92032ff9  -.png,7
2ca8f7557cfbf7dbe81b4080194a4932  -.jpg,2
2cc9184bf4e648c313163ee42655e244  -.png,1
2d22684963148b474a8532aa9583e3aa  -.jpg,5
2da0b96fd6b3b79cf4d81f4b322d0c93  -.png,2
2de1b647d93b4d7b11d72ef54250a158  -.jpg,7
2e3ae90559b96f20e59b1d1ba50c6ea6  -.png,0
2f1050eaa45f1f67e32adae167184211  -.jpg,2
2f9860d42fa75aea9dc0e1d8af2dfc17  -.jpg,5
2fe27ffd4d1a5b5c13c4e0010694ad2f  -.png,4
30246d6239a4149cf37ded96b50e7b92  -.jpg,5
30bc08a271af839e0434e833a319cf37  -.png,5
319a9e66113666c53e46f8557ddfd09f  -.jpg,2
3209f0a7a8594f748a0bca94e4ed50c0  -.png,9
3231dd909741103d341b4ec01e669836  -.png,2
328db6152a0305e92ae8f4917e270950  -.jpg,4
33669447688ec3153a499f7dd554e759  -.jpg,5
33f485479636ae1f70ccb1bc655a43de  -.jpg,1
349af262ededd8f14b4ede6226df721c  -.jpg,3
34deda52d8fa6e06774dcd0f7ae90d5f  -.jpg,1
34fe29337531347e1c0ecac6341d73c0  -.png,5
3558e278b9529d61e15188a30eec80cc  -.jpeg,6
35ccb3e55c2401aef4ad026de580696e  -.jpg,6
36466da58df0de8dde8465f650b83725  -.png,0
370b13e88ef61df0dac43161c30283e3  -.jpg,3
378736f8698c1c7838a640923a5e2200  -.PNG,2
37e0184db2a7ec286d43bcc2c583d53a  -.JPG,6
38708f2051eb80cf4e7cf7dc3b32560e  -.jpg,5
389269258327f495063eeb7863aeb323  -.jpg,6
3902feb3e618590ec42a762f154e2666  -.png,3
3965ab4de41150ffe582bcc4b2926963  -.jpg,9
39b65b8162d2844e426eadc579277e02  -.png,0
3a0c6c8938a288fef4bf9e3ab473c7d2  -.jpg,4
3a5b486a62c40338fabe4afcae35ff06  -.jpg,2
3ab96d130e830d32a533c2defdbd3c25  -.jpg,7
3b2c0202d89a6bf83e29a84a853e32ce  -.jpg,4
3b7744106260edc8f67de42a61a1906d  -.png,2
3bd81340906ef0fbb90afeaa6adda0e4  -.png,2
3c082ef6c246917d8013529b50825f42  -.jpg,3
3c6914502ae7844854f2e61ac6c370dd  -.jpg,0
3cd7b91b6915bc6e800e7585468f5ee7  -.png,5
3d7031d3afec7f496d6011eccb1bf3d1  -.png,7
3dde80ad3cd6027bb18dfb59b1e1e435  -.jpg,4
3e2ae7c4bede0e885177f5829ab007ad  -.png,9
3e7774ee5189189b9d453fadba11df8e  -.jpg,4
3ebb0ccd1ea056dca08f909ea7565b3b  -.jpg,8
3f12670232f5c935f65298140dc1299c  -.png,7
3f546c5bd4a200036bff063711750beb  -.png,4
3fb848b8b0301d724502411670f6650a  -.jpg,0
3ff6cf4d80a4d61c7b175e2e18bc779d  -.jpg,4
4056e13b8d7ffb1d3f69a64d3d742919  -.HEIC,
407a489c68a6da43a02924d459833dc2  -.jpg,5
40cba035942db34e212c650e21fb53b7  -.jpg,3
417e4357285a165c4088cd939109cdc5  -.png,2
41ee15b782b17b3d595359455ef662dd  -.png,8
42021c0464b57e3ff10c1f7dcf3533d4  -.jpg,6
428415a46b67e746d9cd4f87c7f95c9e  -.png,3
42d24bd13dabc6634f4967129537df9a  -.png,8
4316ca72c504d144d26d2852ad305382  -.png,9
4366d125d0d8893f9bcd058b66d1704d  -.jpg,7
43a5f432e2a871d66de1d4747cc8816c  -.png,2
44435f1d7c5cc91768a14fa571ba8f72  -.png,8
4486550bb3ada1985b1b80d674fe3600  -.jpg,6
45406ce8b55f48b19db3547ab4c7cab6  -.png,3
4583fe25ef05b17605148e6ce3cbf719  -.png,5
45e90d0b83047b112cd00e0a266c5911  -.png,7
46b7489ebb9182327f0de108c8ba5e26  -.jpg,5
4703bb0f063d3845f1bc035c9f21cea7  -.jpg,4
477a5d1774627ba36468e76445df5fe6  -.jpg,3
47af4703b627963d30019237a414819c  -.jpg,8
47e74c14987c8b29e26205155c3e5433  -.jpg,5
485853d47bf6c158054e9e562226c330  -.png,0
48801e37691981ef870ce6357d69c625  -.jpg,6
48da76b4e2f2c3e1695be5c0cd773ace  -.jpg,0
493766303eecc7aaa974ff65862e5ee0  -.jpg,0
497d0e89c0e00dea94616ad8954dbbf2  -.jpg,6
49e004bb55eaec21389d111ded7fa247  -.png,5
4a42dc490be60cd59cbea2c448665a90  -.png,1
4a74b2f35cbeb4ed9c1f008262cf7a89  -.jpg,1
4afdb405e3b469da6c5fb1d0db740890  -.jpg,3
4b93f6b4a734a63c96c03a70fd80ebea  -.png,9
4c173515044bd34d765b37ddd2e97469  -.jpg,4
4c7d049dd4dcb5fb095ba1fe2e4a366b  -.png,1
4ca5feeb85918fcc99e9fb1e1a14f46a  -.png,4
4d6bac6e90cf9ebddc3c4f75eb90dc3d  -.jpg,7
4dc0b06ec710dec41c35c5eb0f60e9c3  -.jpg,5
4e3db765c74b5c97af3f1c855b4eb34c  -.png,1
4ea434f9f0c5dd91a2f0134542502a3f  -.png,4
4f5bd957eda7c212deed5c7f77b54238  -.jpg,7
4fbe604e1c2f14a2b4cb05753c4a417a  -.jpg,6
5090672d7a84d0adaf55641cec9bf5b3  -.md,
50f7eece8bc6d381987d5be4e9cdc3f7  -.jpg,4
519ce56f75c82949dc9dc92aed336600  -.jpg,6
51e30a46e36df9a1fe223a40f03377a5  -.png,5
5265a366839d2f205542078584ade499  -.png,4
52f2b779430831ea408f3c9cbe5f7d0c  -.png,3
533e86f2982265dedfcf16c15e883f51  -.png,1
539f26a4a7906aeb151f18883ce21237  -.jpg,7
5444fd6eb74df33e823afb63736922f4  -.png,3
54dd39b971cdb63c232e1973cf2f215b  -.PNG,1
55370c5113a41658be616a268568f7d6  -.jpg,9
556bc598063d0cfea0ec3a961f03b7be  -.png,3
55d71b33f5e77186a8d0727e94b1357d  -.jpg,9
55ef65af5567c432b66e3eec5fd5a0bb  -.png,4
5650f5e3a2521bfa5314f25839c15388  -.jpg,4
567267bca9bb68099d84b3888faeb4a4  -.png,3
57092fe7d795d99f99c1004e47939ea7  -.jpg,3
57a9c3a8464e7d1309985c83948b3780  -.png,7
57ec04389bf55c066d5ccbb1dfbf4622  -.jpg,3
581ee54d943847f955fc0b6b535a91a9  -.jpg,2
588ad10110db46e597ef13100df355a5  -.jpg,0
590054dd113afcd8ee33e4edb56eac37  -.png,7
594d76a25416b1f88a234ed95cf2d627  -.png,6
596c304f44876a46de3a6e661aeaf2a5  -.jpg,7
59c74e09b2c65df82e3103e154a8ae52  -.JPG,4
5a19a14681fa6eb960187580841261c6  -.jpg,7
5ab5e62bf826f99fcdfca8d625abdfef  -.PNG,1
5b61684dea2461a069859d211bb2bba4  -.jpg,8
5b92d42768b1594e6fbcc8244df56d53  -.jpg,3
5be56cea6b7214286e65753455aaa90a  -.jpg,2
5c2bb2bbfeb5a6452a56394156d68c40  -.png,3
5c794648190be96f0c0d45035ce159f1  -.png,2
5cf90e23af2eb205fe6a3af9f7b44a04  -.jpg,8
5d7bfe53a39451e0da36710d6eb62e52  -.png,9
5dee9c7a46649729e52f258044d887d9  -.jpg,5
5e97073d3437e402fcba919a46b39af1  -.jpg,6
5f03ef7678d99b0b62b0b6a02b5c8821  -.png,8
5f733158d39c5b5cd54d71be49f8c2be  -.png,0
6003b2188ac0dfbc5e887019d68d68e7  -.png,5
60599dc066282114d7e9ab38e2e5cf20  -.png,3
60f771ef1bde2f898f0f9b5443bc6d06  -.jpg,1
613bf3353009c8b323d91953543bdb11  -.jpg,4
61ad96eb5cc088c84c2b5c923414763f  -.png,5
624dab79d1f6d53713371d5445a9facb  -.jpg,9
62cbb58886d4646341d66297fe529c41  -.jpg,6
63ab52302a1ecbe42a5da34369317a4e  -.jpg,2
6479f344a67e889efcf3e00c2656cb9b  -.jpg,4
6510d4bccfd03b28d4e66f6ae4d9c948  -.png,5
65eeea6beac46534835b78fb24d18882  -.JPG,2
661cd0c6627ddfc236ea60baf71c1b91  -.jpg,5
66414d858492e7d27338c832a2d3aa94  -.PNG,5
6667b42b91e6cdd2343580bb1d26ca25  -.png,2
66ad134edcf259e67eeb24224b4875a6  -.jpg,6
672a04c43722f62ca6547cb8ea9e8f47  -.png,2
6768cfc4a263ba10651140330271f983  -.png,4
67c682825cf3a76298b2a44d2622bf99  -.jpg,9
685c0a5ca065c3074c793dbcd233454a  -.jpg,1
68f09273624e0a98b74b0dc6a4dab8b8  -.png,9
69298e06ad6817392925ad741e80c5d5  -.jpg,6
6a22fb16a7e760dbe11e8dd96389d622  -.jpg,5
6a51b1af270daed1d9e5d2d9c3a203c4  -.jpg,2
6ac31040cc48edd3143d3e111a0c63b8  -.png,2
6b816d92a1faa184540a4fab1a57a82e  -.png,7
6c378165ab79b6c8f1dd60a333394f55  -.jpg,3
6cf054eb1048cc416aae6be5fe3a7305  -.jpg,8
6db61fd91d7b88628f609bd038578819  -.png,6
6e24382097253acd7cccafb3ffd9d710  -.jpg,4
6eb38086dee6543d065ac29da791c443  -.png,7
6f1b46644e8800a078a96ee5515eb456  -.jpg,1
6f9736d3bd2cc70fcd97e74169c3af31  -.jpg,0
70211fdba2280d4ee47c6ae4371ac1e5  -.png,1
7109abccbb5116cabdde9bb11e63ad25  -.png,9
71afd1f44c3510ced2a944730cf07320  -.jpg,4
71c58175ad88ae8f642bb9a6f5542887  -.jpg,2
71f958b5e92fa38d2e80a24b9e194011  -.png,1
7273459d98dedc21b3c82d1fa3fe584e  -.png,2
72db2c9c7299e0d12cd5479cf1e43e2f  -.jpg,8
7376b42f01f3baa91be5c57f0c02b88e  -.jpg,4
73ef58ad5a32b4a2d6f3eddc34551c35  -.jpg,6
74b14cc7863b96d0e03380664ee60eac  -.png,0
753ad74257075e99902b0be44380e596  -.jpg,3
75c089703f65358676cd110060a3d5a1  -.jpg,6
7630670d82a8fc5869f77e925b982adb  -.jpg,6
76afb1e2b0c9a110c83d53563483a3e1  -.jpg,4
76e8c5c34595b7a10be00d777fd04c4a  -.jpg,7
775d63b979df29de52023e1ec81668d2  -.jpg,6
783cf67118358b5f27efb50f169fbf81  -.png,5
787c3e9082f0968a91e112279840024a  -.png,0
78e606be9bcafcf80d93b363d9b58fee  -.png,0
796558684234f1b864aed42f52eb0b72  -.jpg,6
799382fcd7c7310c5349a281e0d88874  -.jpg,5
79e74a8395b1cd498b03cf5b874ab324  -.png,9
7a6fb52cdd1224ceb6a9e1938bec0bed  -.jpg,1
7aae0922888cbe0d28df529acc9be74b  -.png,2
7b1bbb529e66c3b7e6a827fd354d90ec  -.png,6
7b9961a5d441f3d7aa9c58f31a563e2a  -.jpg,3
7bcf93e25fd22f2dc7bfda92ea9c4f4f  -.jpg,4
7c320284dfabe0962e2f8ee23f619088  -.jpg,5
7c83bed268002e0a748142cb54c9a4e3  -.png,3
7cd14093134eb88fbb738cb36f3ef612  -.jpg,8
7d34002ed9493b48b7b7df38e6a7e43c  -.jpg,3
7db5984e07c61ff5a24cf9c5bc59b372  -.jpg,2
7e6d9f04be8af18f15a5f2062419f1ac  -.jpg,6
7e9304df23fc7a43e918d7085dccc533  -.jpg,0
7ee631cd50a00449cb5a02c99b198110  -.png,2
7efb2d1236c06d35e59dfe160445ca1c  -.png,4
7f32f4c3e12e29a256ac46d3b163b144  -.jpg,7
7f926d08fbce28c51ea075c8b96496f9  -.jpg,9
804a137637c739286133005e99328ac6  -.png,6
80d33fe903bc22fa6ea4063830b912a1  -.png,2
8122214c2b27bb351bd4e27ec35e6d64  -.jpeg,7
81702147b48f3e1c765f0e85222c01e1  -.jpg,6
822567bed4d21a8c4cefb12c79f8d8b2  -.png,6
82822f2fc6e50f320bc18c65f70202fc  -.png,7
82f83c8d35cb1c9cd12241c825df9576  -.jpg,6
83722248a5bb06e60d2c3d9a9ad2df83  -.jpg,7
83ab41fb36c683b30d7ab9740f56f8a1  -.png,2
83cd5274177be778b6d79a505c643199  -.jpg,7
84cb57b1f5687af905327ba0e97da292  -.jpg,9
852fde2f556f0cccb4ec1d00f77fd004  -.png,0
855adfed716f27842ea88d9002dba8fb  -.jpg,7
85cafff4c0fd6b7f864c64209a115705  -.jpg,2
8632307f54965d45dd1494eb53e3edbe  -.jpg,1
86d0c08f299c7660d2edb66692113433  -.png,6
87930437d11a835dc8d36e95f72c95f0  -.jpg,5
8800788c2d261255a48ca760d2800418  -.jpg,0
8864dbabac252348212efe3c3cd9be7e  -.png,3
8989b0c41ef0e78f8f4d41131085f8fe  -.jpg,4
8a0cac2e28b21582280be03841124f53  -.png,4
8ad511901d02b61eaf82223955c6c4b2  -.jpg,3
8b3536f3d3babe0c57153aa9a0e9eae4  -.jpg,4
8b929d72edbbd7ff21f75e2813806df1  -.jpg,3
8be2f93ad21cf39c4ef1db79c3fa4c12  -.png,5
8c39dfc8932b96b994e138905890b2be  -.jpg,5
8cbc4dd2329d53d18fc19f3e4517c737  -.jpg,0
8d88b197fb93800723506093e74d7c4e  -.jpg,4
8dbb90e863d1c653c861fc90985d0e39  -.jpg,9
8e4a38bd19c94970f342494bb01213d8  -.HEIC,
8e6cb55598ea6def0bb787ee230b65f7  -.jpg,8
8f12873e30f207fe6dc5211ad232f0cf  -.jpg,3
8f561d0b0ad61c4561ce2bee89301619  -.jpg,1
8fc2ca959e36e4778a9e3004640f4b34  -.jpg,7
904113894a17b5b476737af6f041365f  -.jpg,8
909e465e346b8c823f9434d68828aa7f  -.jpg,5
90d6b58a78e34caef45128f79d25629c  -.jpg,6
915da432136dc807fd4f91a33cd22f6c  -.jpg,9
924d807ea794aaf48716368be73435d7  -.png,7
92ad294702cf05dfe3502c3c32c2c271  -.png,5
93244a3f34bbea113d16bc1b4cb7251a  -.jpg,2
94313aec9baa5d87e22e82b5fa080bb7  -.jpg,0
946d6159f9b6ec85955560ad918395f4  -.jpg,8
94c49b5d96cc8fe27f8ec0ea9f607d56  -.png,5
956c6159cc2cb1925da90b1b2813ec83  -.png,2
9610d6f1a7520d6def58b4281a4e7ffe  -.jpg,9
96c00a452edfc013e5767279a3fb7e11  -.jpg,0
9748bbe14372f4d50dfdfa5f0e66de70  -.jpg,2
97b43a51831f71ab4d912396ddddd5d0  -.png,7
983352acfe47b7566c1181b60817b9a4  -.jpg,8
985d0ea1f0f1795767176d0010825745  -.jpg,9
99028292ee589dc9c6579ce3655d85ad  -.png,3
99328a239ce602354cfbb29c8059ec56  -.jpg,4
99a0ac86df59348e0abc0cad3aa7e599  -.jpg,5
9a12966590140a49e02f0946f62de481  -.jpg,0
9ac902d3c95ee1a5de15ee681ae18ada  -.png,4
9b2bfd4b7585f410197ae30487269fa4  -.png,9
9ba7dc784b7ec57a1fc844c3d2fb2bbf  -.png,3
9c392d169c075ce14c81cfe2ea107a1d  -.jpg,8
9d444acab256d841b1ecb87d93210f06  -.jpg,5
9dcc959862c54cdf78a6efeadab2f2fe  -.png,2
9e04999ccde75effee113a3c7aa7b07c  -.jpg,9
9e771539dc96a66d86d26022b86382c7  -.png,7
9eaaf68a5d4f83f91578dde45f29bf8c  -.jpg,8
9f126278568615fcc123f4cd664a709b  -.png,3
9f8bb4cd08847dd8e54000cad5dd3a36  -.jpg,5
9ff794b45d91bd91f5d50f5fe3ab47dd  -.png,1
a0eabaa45a6eb0bcb97890bc6bb6ce2c  -.jpg,0
a14bb6c91049d650a904b081f3b85422  -.jpg,2
a17c8d8573d38dc0582111f7e3551d96  -.png,7
a19f2d6a6abf2b47cdabb23e09948bc9  -.jpg,3
a1fa3c46680f550b9a22aaa29bfafb7e  -.jpg,1
a2555973ea03a651c75c6478db7c7b26  -.jpg,5
a2d2ff58980d2dcc713a6837af8314c2  -.png,5
a3f37ba2329a4b3fe964f9264b2fbb68  -.png,0
a44fdbdd4c19ff13eab71c10b51d8504  -.jpg,9
a4af5997c7c1bfe1b422d0ffff405e33  -.jpg,0
a551c30daf44700208d8ed24d70db855  -.HEIC,
a6022616303f066df2b030b56ec8249f  -.jpg,1
a639ad119efed5e1eefab77ab293681f  -.jpg,9
a6cafdc2d2f9cd6b0b37b52988b27da3  -.jpg,1
a6ff980dfb7f76046d54c4ec1000fcfb  -.jpg,7
a74def2b45fd0183e1cc52141637fceb  -.jpg,3
a798deb4be904e3c5907aa998928be95  -.jpg,9
a7cc67c310d7b5da43529a42d0c2cbe9  -.png,2
a81602bbae683bde2b72836570e8eb65  -.jpg,2
a8cad27e906650c3f00e34935863da71  -.png,5
a91aaf071bae23b7a6190e986c88e54d  -.jpg,6
a9818bd3cf2133010d35b04998455bfa  -.jpg,5
a9c7ba918db5a98d5aff946e25fa1712  -.png,2
aa225313e732f564b4886bbbbbcdcef9  -.jpg,1
aa7f6d6e1a159d87d147b32add2f2a82  -.jpg,8
aae6d84e222c24db553a3645e62b6dab  -.jpg,9
aba2c0da95e0e793b366967d10475df1  -.jpg,8
ac093584f7ef102452dee8ac917cd50b  -.jpg,9
ac391de7823bcaa065a13206d1b79386  -.jpg,3
aca653b802e41d4e26a31a7736e8a945  -.PNG,9
ad09a3fc5542df6f452b2943d94feb4a  -.jpg,9
ada82ca8d2873afb9cf1d2a73f43576d  -.png,8
ae490ed464a1884da961bdcb7d2bc3de  -.jpg,9
aeae2ce93fcb7dbb3aacb94323c92cbf  -.jpg,9
aeff77b922be23f8149a37251d3430f1  -.jpg,3
af6f93e748ffdff7045156682e2c901f  -.jpg,7
b00ae68530745c80e45bd95a6f8661ff  -.png,5
b093cf447d20d09cd69460a3491747a4  -.jpg,6
b122df135104934af7944ababf932b06  -.png,8
b17ce63e5ef9317b7e94e50986fc6bf9  -.jpg,1
b1e716aa9dce1bfef9657c3130c2de1f  -.jpg,7
b26282a10b7cf0941cf168ea6eb3915b  -.jpg,6
b2add062852915850023d8e53ec4c281  -.JPG,8
b33c0bd686d7c6e62cd9651edbf77715  -.jpg,6
b3706af383f68058360364213f9c3c90  -.jpg,0
b411158e6521a76deb65c3fbe1b93f0e  -.png,6
b46982d736c778d217a858e9924abe20  -.jpg,8
b56e7669651abef29906242370698e03  -.jpg,0
b62625ed35a1f2538ace5d6b6e3760f7  -.png,3
b68dbb8773289e718a9b5e5c4629330f  -.jpg,0
b746986d45113458c63b3d1792abc85e  -.jpg,8
b7da2f978c5ad6f7578660ebcbd52a0c  -.jpg,0
b8550b983e2ba7fbdaade18f48d782ae  -.jpg,0
b8c8c3e0f33f2f448aa662ac97404285  -.jpg,5
b96dcef90ba1627f6ee7cefedc36526f  -.jpg,0
ba03ac20d0e9abb6d927d75c713d7c33  -.jpg,3
ba23c8917351ac9f123d12b24ce7dd25  -.jpg,5
ba4e88206b09ad0f4bc220d1a706d05e  -.jpg,2
bac7323ac3198a8fd709ecf1f904d388  -.png,7
bb2cc68af6e70018b8ab0d703e576d28  -.jpg,6
bb38f7569552dca6fae6d4ef997b39f9  -.jpg,2
bbd74e6ca45f81c283f6b868e35a44bf  -.jpg,6
bc333cd80ff9123262badbe93081b7b8  -.png,9
bc8d73da99807a6d5546b1b9cc094a73  -.jpg,4
bcd5159798ad08bc65e31b6b206347e7  -.png,2
bd2e4666237d1f3f8a02ce2d8b611ec9  -.jpg,9
bd578ab491c39ea172b6bc5dab9da00a  -.png,2
bdb6c970db332f4eb3364dc46a3e83b1  -.jpg,0
be34558c3064cb213732cfe89daef0c7  -.jpg,1
be9b5f4ff5c7fdf3214b8f0001975bd5  -.jpg,5
bf5721699a1f504e498545066da66863  -.jpg,0
bf8c40312d875c69f51c17b450ee8594  -.png,3
c028a203277655761d757745bc8f6e91  -.jpg,7
c07baf954a210809701eb1bb4a26a60d  -.jpg,6
c1914e75a4c9d245a7c6e59bc16ec0c3  -.jpg,9
c1d4e493d297b6f910b883e78d043647  -.jpg,1
c2890c4211b3b96db86a489ba18f8870  -.jpg,8
c30888d46c84762a4d6d94ade7351724  -.jpg,5
c3b064e57039fb0dcdd273d82d7f8f7b  -.jpg,5
c477d9846b21ac1a29b2d2a00931658a  -.jpg,6
c4ab3a8b4e1f51a8f44d3b084edf7b65  -.jpg,0
c4d719269fe92d7d546e6079341fbd2f  -.png,7
c571ceb352c8a747ff4a6a45b2c6c683  -.png,3
c5dd73a008711c9d61826abe875b4cce  -.jpg,9
c66a31b03f4555cad8fd3afd2645dcd8  -.png,6
c69526abd0982106bc00437faee06686  -.png,6
c75d3ea9e4098024f6df66863a86f4ff  -.jpg,3
c7a5530c438ebec944cc9023d4af559e  -.jpg,4
c80924c034d83ac7f2a68cea9e3755b8  -.jpg,7
c850f528b882e3fdfc7e43a79a6244b9  -.png,5
c8e6f7caed1c67a56b92411669ae4caa  -.jpg,8
c91d47985e8a8f15269963dd29d09379  -.png,4
c9d26c02e06d0f5c225bad785e330b68  -.png,4
ca462e876fdee6dac731824a5896a86e  -.jpg,6
ca859d905031caf4f68dc95c57ce8d01  -.jpg,7
caf9381b651d971c6db5bed82ed3eabb  -.jpg,2
cb62218b4203d93822a0d39ca25215a0  -.jpg,8
cbb3d5fbb8b8f754ed0641f9f335fe78  -.jpg,5
cbc6951c04d5e4e2df9b1b267543264c  -.jpg,8
cc12e0e701a9425876247471561221cd  -.jpg,2
cc7cf55d0f4b335bcd7d8607fbd838ba  -.jpg,2
cce3d8297c6928128d4f9064d7b0d31e  -.jpg,3
cd2c7c9df53d2a7e67830cefdab55d89  -.jpg,5
cdcc17a722782710d2361a3ca4047535  -.png,0
ce11f44eba391b0a7b6c4812ef3f8a4c  -.jpg,0
ce9d9558dc64661e7a58a8b165dc99a5  -.jpg,6
cf24edc56c5110d86b473ea09d5320ce  -.jpg,9
cf8415783a8937b5a9d9a3a75ce70508  -.png,3
d00772cf7fefce6f91f833ade04637e3  -.jpg,0
d04230b168903129b5e9098a63cefa12  -.png,2
d07bbd0132be011baf56795b69c53de1  -.jpg,8
d0f7fa88660ec99f4e53568e5e01185b  -.jpg,6
d151ec32ca236d2c1685539e5ee3ef40  -.jpg,2
d196e607f1b8398ccc08217fcd2a6343  -.jpg,6
d1c19a4cfd75c09686963882de7a9082  -.jpg,5
d218323b9849133846b7afe2770a5e48  -.jpg,2
d26903f3100dd953e53b80f9e0a0adff  -.png,8
d29c0d599746a0d5fe5cf103bf66dcbc  -.jpg,6
d2b8ba907a21eb73bd96cfef9876372b  -.jpg,9
d30cd6a6689ba71676bee82366ef92e6  -.png,9
d34205feac5c5cc6a213fcf23c466858  -.jpg,1
d3d4536250ff41527966e74b92128ba4  -.jpg,7
d3f490c45dbbcebf1e7d1285c9e1d47f  -.png,1
d46a9fce114b5dd6c6d3b0b217b534ad  -.png,9
d4f886bdf6dd29149185539623809a15  -.jpg,0
d54555372765dcc6ca8738113fd6022b  -.jpg,6
d57a318b683eca809c145604bc24bcfd  -.jpg,0
d5cac86eaf83ed045d98a601bf570cd8  -.png,4
d614a232aa06b08da2d0c48d3d869cab  -.jpg,1
d67a99873641d73fffd0498ce135dec9  -.HEIC,
d73b3bdd97affb2fefcd71debe25ed9a  -.png,4
d7cd798977dcffc7315340862250e221  -.png,3
d8364f40838ad29eda623a9c08b0f6ff  -.png,6
d89dbb00dc3bd52a2f062d0cdfcaece9  -.png,6
d90daedcfaa61fac914fcad75126c0ad  -.jpg,3
d9d39f3586778ee0cae870f8cdeea92c  -.jpg,5
da2df4015508f488503379f15c5f52ee  -.jpg,1
dac6f225188b8a22ac3dfd3dd3dc58d1  -.jpg,1
db26d8f7bf453eb15e0db1482e348162  -.jpg,3
db7a80cefebcb9babf9ed00a2591e55a  -.jpg,6
dbae9a1cba84d7f6dd66b06b3833911d  -.png,1
dbda12d3d3388843ed5caf66b620721a  -.jpg,1
dc1e7dde87cdd15e0340ea123ecb490f  -.png,5
dca6adccaaa8f67d7408f5e9ddc46055  -.jpg,9
dd05d71fec249845ba9b71e60a590008  -.jpg,1
dd8b77ea4e1e4b7a8afd1143560f0471  -.png,5
de267d563e85916c56314ad09b206dc7  -.jpg,0
de81b6811ad62d609987f3e89fe2238a  -.jpg,6
deca15b75a8995c2ff915e1a414af3d7  -.jpg,5
defce548f05e41040e1a7ab99d4641a3  -.jpg,8
df24547de281fa42bfbdf1d7d0bfa9b6  -.jpg,3
df6afc7631b5629c71a0005ed76e64fc  -.jpg,3
dfb7b5a4a15af620c18a796b27e9cb5f  -.png,6
e01bf22bb3788dbc33aa3ffca38b6cd1  -.png,2
e067f713d1ee6260485cbb65f7790378  -.jpg,8
e087660b463725923ab3942c63bfed46  -.png,1
e0db0625995ebfc6dc618e9a2af6e5b6  -.png,2
e141150034b5bb6f2a3eb3f0ffa8eaf1  -.jpg,2
e1abf07e658ef52316aa7b7dba227fbc  -.png,1
e232898dfd0eefe567660d4419a088f8  -.jpg,2
e26b8fe2aedf94adacbd88bd0d7f13ad  -.jpg,6
e2df1456ef9f9dbe3b4b655985ba1b72  -.jpg,9
e32472c00cbf538bf4eace4d76890cb1  -.jpg,4
e3970d76ddad7b686af94bdf91d293bc  -.jpg,5
e3dcf1b8b8ec0c7b15363775c884dc46  -.jpg,7
e44112b5288017f1a796e2098638e245  -.jpg,6
e480b3d2a2a390a05990dc968768f6a0  -.jpg,0
e5537c7949dee85249a2d5199cd09b32  -.png,7
e5c5475e3cd951e5a5d41657457eb2b0  -.png,9
e64ef801f9bd1ab492afd16c4551569d  -.png,2
e69baa7e8eb78c6c416662e692a90336  -.jpg,3
e7049399d20e8cfbb8ce1c83e72f2753  -.png,1
e744c264c07aaa9bd672185bd9705cf2  -.png,7
e8594e2b89b374ae32d2ef66156e0bb6  -.jpg,2
e8a4f69a3e684e32d17773183553a480  -.jpg,4
e9123c3d5a4884b3bf84985c5428d394  -.png,0
e9c35e643d1d2cdb85efcb94cacac79d  -.png,7
ea083d29eb9b1f68b8a527c160d17347  -.jpg,1
eabeb3a49a317b1036076a045a016000  -.jpg,2
eb62338633bcadacf8f9e15ceb29ce8f  -.png,4
ebe64a98e8e8ab1d67e3ad92b995499f  -.png,0
ec32f07b9517b558dbbc7daa44a60fa2  -.JPG,4
ecf95da788802e25fdbb8017c914b8d0  -.jpg,6
ed3df0f828a1ffe33975b9457842dbd2  -.jpg,8
ed8dd003483e8b3f800d7f717c608c0f  -.png,8
ee0112926fadc2a5fe19660fdaf68b01  -.jpg,1
ee5c594dc11d589739338bb86faea130  -.png,6
eebd722bd3cbf76490547a68c1ee8fca  -.jpg,8
ef0f81d77fcda1ab019da920a961b8f0  -.jpg,2
efcb8a98867c0546eff549fc7e3da41a  -.png,6
f01973d86dc6540ccf1f19df5b52b289  -.jpg,8
f094973e771f5d1df16198c926c97989  -.jpg,0
f0ed6f1fae6d926d19a78a585d4dff7e  -.jpg,6
f16f7d4da72cadec61d5542cfee5bad5  -.png,7
f242ab125dad53ca72fced9cfb024095  -.jpg,7
f258102b11560712d593fe3915bfdc21  -.jpg,6
f2ccabf01b180df851f8dbe473e484bb  -.png,8
f30a9c0ef775e7e0955eaff886dea50c  -.jpg,2
f36ffd495378771b7fdef75d3c6f0cec  -.jpg,1
f390cde937422d736f8d339f7a867179  -.png,8
f4055293e01abc1c456899a06a9627a5  -.png,9
f44a9203e7a0138aed30bfcebe349558  -.png,2
f48de6c6b75bfdd686c15638966f4813  -.jpg,3
f53eba0da6ff316b6257caa289b5f58c  -.jpg,6
f5ae6b0e724c410ea09b320cf2cb0a2e  -.jpg,3
f641b6f27f0832e3f47fb1400db362a4  -.png,9
f6bc3fdd79b0d80e36d29f82644f7883  -.png,2
f6ea9ecb920687c3e430f35aab8130dd  -.jpg,3
f7c66c985a224870cf814ddcafa5f462  -.jpg,0
f808a210f3b56ab84c0eb64e813dcead  -.jpg,9
f84d047a6fb8c2db459cfbc5c753c653  -.png,7
f8df2593d89fbd9a08badbfad38b4ebe  -.jpg,6
f93abce8174ab21af40cd68031628972  -.jpg,6
f99630269147d656b18eebf4003601cf  -.png,6
f9f2a6df004a245da425b6d98f42b722  -.jpg,2
fa11552e8a487adf8b80aa153696c264  -.png,1
fa64e03de6ae7649de3a0648e294469f  -.jpg,2
fafbe3b66144bcc0c975ba17aff8744f  -.png,3
fb12f4b8f3917e8bde0778c2cc5179a8  -.png,9
fbddfc16ad869a1f26cf650813e9156b  -.jpg,5
fc5388055149176ce714b55cdf186321  -.png,4
fd2882d596dab7b248669c760b1b89d7  -.jpg,3
fde8e9801d48c33461014ed493af30d5  -.png,0
fe30229ee0f332f1de093189e50b3a86  -.png,9
fed9656382d5f6555b8bf714e5394f09  -.jpg,6
ff97a5774979d8d6778c22d1c7aa73ad  -.png,1
